packet_id,time_stamp,src_mac,dest_mac,src_ip,dest_ip,protoc,src_port,dest_port,port_categ,packet_categ,payload
0,2024-11-01 23:42:21,1c:57:dc:65:81:f2,e8:65:5f:b6:dd:83,10.192.67.245,54.203.25.147,TCP,50825,443,N/A,Web Traffic (HTTP/HTTPS),01 01 08 0a c3 af 0c 51 20 69 36 34 17 03 03 12 55 7a 4c 9a 62 35 5a ff d3 db fa e7 6c bd 83 27 51 74 20 03 41 68 9d b0 79 d6 cd da c7 37 4f 7a 43 53 1c a7 7e 9a 48 d9 64 97 60 19 a2 f7 e1 46 be 6b af d7 2f 30 2d 8f 96 6b f8 77 6d 2b 95 65 95 cf 5e 7d 91 4a ab 87 b5 46 68 00 bc 2f a5 63 7d 4d 66 cd 3a 05 0e aa 3e 37 9b a1 59 d1 d6 36 f0 33 cc e2 04 35 25 b4 83 96 c2 28 48 06 c9 b0 5c 87 a1 c9 b3 1d b1 96 a2 2a e6 47 ae 05 ef ad 98 88 2c e5 aa d7 8d f1 34 ff df d5 8e d1 68 79 e4 2b bc 00 c6 c5 8a 43 dc c6 fa 4b e8 ad 1b bb 5c 0b 0d 28 25 75 16 88 b3 91 47 20 33 7d 78 57 6e 9e e2 d6 cb 42 fe ef 52 19 99 13 76 c8 c5 9b ee 9a da ae 35 94 6c b2 46 99 a6 12 ef 8f d2 c3 65 47 b9 f2 7f 46 61 9f a3 44 89 ca 6b f8 c9 f5 47 25 c2 a9 b9 db c8 75 8f f7 75 b3 99 d0 a8 cc fe 2e 91 da 53 da ba b2 0b e8 6b 27 cf 76 e8 1e 59 97 d1 1e a9 d0 cb 29 98 85 60 cd 50 1b 13 c8 94 eb e9 10 e1 ed 52 e9 9a fc bc a1 b1 db fa 58 30 e2 dc a9 4b 39 51 db c1 99 b2 97 d1 a2 6c 80 32 32 23 16 a0 c2 4e e9 79 aa 3a 0d bc 08 4f 9f 57 c8 bc cd a5 ee 3c ac 03 b1 a0 01 d1 a6 e5 6c 2b 68 50 a2 24 49 ee 78 04 d5 99 cf a3 d1 8a 94 45 44 3d 94 2b 5a d0 06 ac 86 ce 49 f8 5b 36 28 4d 0d e3 0d ff e3 86 82 78 d3 c9 eb 98 6c a6 6c 76 01 18 1f 1b 07 46 1d 9d 46 7e 3d 86 ab c9 fc e4 0b 54 59 95 35 1d 4a ca 39 64 4f 1c f9 9b 92 24 8b 0d a2 9d 33 d9 2d 9f f9 5a e1 62 51 c2 01 48 c8 b1 64 70 23 30 27 39 75 dc 73 c3 2a 9b c0 72 43 3d d8 4c f6 01 38 13 fc eb 01 36 7a 46 43 a8 c8 78 4c 2b 43 eb ce d3 2e 4c c9 e8 59 89 f0 99 89 b0 cb b1 43 1a 1f 7b b5 bc 03 9c f2 b3 ba f1 28 dc 0c f1 89 a6 4b 8a e5 b5 a6 31 ca 63 78 ca 64 a7 01 af c6 bf 03 9f d9 cb 91 95 c7 05 e8 fa 6f e6 9d 00 51 d6 21 ee 29 f6 2b 3e 71 89 17 50 02 bc 40 72 27 16 6c 74 b7 44 4e d0 dc 22 47 2d 3a 3f 6a 77 d6 a6 e3 27 8b b8 75 e8 1f 6a 40 fa 3d c9 03 c2 fa a8 86 93 38 92 59 65 0d 20 4c 37 fe ba ee f9 c9 86 74 9c ce f1 8f c2 74 73 46 2c 02 53 f4 e8 e3 47 2b b0 e0 79 3f 4e ae f8 e6 08 72 c2 29 c1 d8 a0 ab 12 db f8 b8 c1 8e a7 69 45 b0 91 5d f1 f5 5d ec 31 39 96 79 7d 7f 2a 82 c9 58 1f 93 79 ee f1 45 8e 18 a1 60 04 17 02 bc fc 63 5b 2e c0 9f 1c 4d 56 ed 46 a8 f9 4b 34 52 79 9c 78 c9 9a ae bd 85 25 7a ff cb f5 a6 4a ae 15 de ab 3b fb b3 78 53 7c 69 59 55 cc 23 c9 e6 95 c5 49 50 bd ed 37 86 3f 5a c8 07 38 63 e8 9f e4 73 f2 5d 9d d9 62 76 34 2d 0a d2 fe 2b 48 da 46 58 cd 4a ed dc d7 8c 69 1a 2b 3d aa d5 76 6f 26 6e ef 77 31 8b b2 22 fb cc 99 a9 32 e5 83 ed 7b da 76 73 a8 8a 98 4f c4 c7 11 25 cf c9 0a 6a 0a d6 4b 26 9a 12 e2 aa d0 68 10 cc 53 ad 12 a5 2d 4c 84 4c 5d 73 4e 38 55 ca 47 c6 c2 38 bb f6 35 80 ad 74 84 48 00 2a c9 3f b9 04 03 f4 20 d0 86 0c a3 60 b4 94 a0 48 6e 51 a0 95 2e 3c 4e 0f c5 72 dc 4d ea c3 4e 10 ce e8 73 d6 31 1e d8 07 4e a7 f2 77 43 9b 77 19 48 86 fa 42 72 e5 38 12 7c b6 4a 08 ff 64 d2 6c 82 f1 5e f2 b2 da 4d ae 3e b9 0e 29 f6 84 2f 45 5c cb 29 c1 91 0b b1 a3 84 aa 4c d1 84 7b 33 20 ce 9c b7 7b 8f c0 35 7e 38 14 55 77 9e f4 4d 1c 38 e2 00 00 4d 59 25 67 a1 6c 07 00 42 00 00 00 42 00 00 00 12 00 1c 57 dc 65 81 f2 e8 65 5f b6 dd 83 08 00 45 00 00 34 d6 2a 40 00 f0 06 15 86 36 cb 19 93 0a c0 43 f5 01 bb c6 89 87 e5 23 71 a9 91 02 f1 80 10 01 a9 7b e9 00 00 01 01 08 0a 20 69 49 df c3 af 0c 02 4d 59 25 67 73 6d 07 00 00 04 00 00 d6 05 00 00 12 00 e8 65 5f b6 dd 83 1c 57 dc 65 81 f2 08 00 45 00 05 c8 00 00 40 00 40 06 96 1d 0a c0 43 f5 36 cb 19 93 c6 89 01 bb a9 91 08 85 87 e5 23 71 80 10 08 00 5e 3b 00 00 01 01 08 0a c3 af 0c af 20 69 49 df 7d d1 be b9 36 55 e5 2a 6f d8 2a 75 9e 55 52 ae a7 97 22 08 98 5c e2 16 fe 5d 97 e4 07 d1 78 63 ed ba f9 25 3b 6e b5 95 18 b8 9c 31 d5 55 39 24 7f 04 c2 40 b2 9c ad dc 95 3d eb c3 59 73 7b 15 79 50 5f e0 c0 60 2b 52 42 aa 93 de 80 76 c9 a2 c4 d8 0d 16 2f cf e6 1f 7c a1 b6 00 91 3f 33 96 58 f3 a8 da e2 e0 bf 40 d6 db 4b 10 01 7b de 7c ac 0a 39 21 6c e2 96 66 81 19 a5 17 5c 8b cf de 27 2b e6 9a df bf c5 b6 fd 99 61 ac b7 7b f6 ba dd f3 a7 16 d1 c5 99 a2 03 e4 3d a8 d5 eb 62 e8 b7 c1 46 b3 f6 c8 2d 38 70 2e ac 51 d9 1d ef 1b 39 69 15 76 9a 7c be 2b 7a f1 6b cb bc 74 1e 26 47 b9 7b 6a f3 60 40 63 f6 dd 2f dd e1 e9 77 2c 95 2a 8a a6 a8 fd 98 c8 07 bf 18 11 14 72 f6 b9 0c 9b 4f 96 1c 6d 11 00 a3 19 b1 e7 16 ae 59 f8 ed ac 9d d5 35 30 a7 f7 e2 70 c6 82 49 bf b6 b0 67 f4 7b ce c2 76 fd 97 d2 64 e2 83 e3 9e 22 77 c9 89 77 d3 42 13 b9 b6 36 36 cb f5 41 2c 60 41 a0 ed 05 91 ac f0 0b cd 63 df a6 3b 
1,2024-11-01 23:42:21,e8:65:5f:b6:dd:83,1c:57:dc:65:81:f2,54.203.25.147,10.192.67.245,TCP,443,50825,N/A,Other TCP Traffic,01 01 08 0a 20 69 49 df c3 af 0c 02 
2,2024-11-01 23:42:21,1c:57:dc:65:81:f2,e8:65:5f:b6:dd:83,10.192.67.245,54.203.25.147,TCP,50825,443,N/A,Web Traffic (HTTP/HTTPS),01 01 08 0a c3 af 0c af 20 69 49 df 7d d1 be b9 36 55 e5 2a 6f d8 2a 75 9e 55 52 ae a7 97 22 08 98 5c e2 16 fe 5d 97 e4 07 d1 78 63 ed ba f9 25 3b 6e b5 95 18 b8 9c 31 d5 55 39 24 7f 04 c2 40 b2 9c ad dc 95 3d eb c3 59 73 7b 15 79 50 5f e0 c0 60 2b 52 42 aa 93 de 80 76 c9 a2 c4 d8 0d 16 2f cf e6 1f 7c a1 b6 00 91 3f 33 96 58 f3 a8 da e2 e0 bf 40 d6 db 4b 10 01 7b de 7c ac 0a 39 21 6c e2 96 66 81 19 a5 17 5c 8b cf de 27 2b e6 9a df bf c5 b6 fd 99 61 ac b7 7b f6 ba dd f3 a7 16 d1 c5 99 a2 03 e4 3d a8 d5 eb 62 e8 b7 c1 46 b3 f6 c8 2d 38 70 2e ac 51 d9 1d ef 1b 39 69 15 76 9a 7c be 2b 7a f1 6b cb bc 74 1e 26 47 b9 7b 6a f3 60 40 63 f6 dd 2f dd e1 e9 77 2c 95 2a 8a a6 a8 fd 98 c8 07 bf 18 11 14 72 f6 b9 0c 9b 4f 96 1c 6d 11 00 a3 19 b1 e7 16 ae 59 f8 ed ac 9d d5 35 30 a7 f7 e2 70 c6 82 49 bf b6 b0 67 f4 7b ce c2 76 fd 97 d2 64 e2 83 e3 9e 22 77 c9 89 77 d3 42 13 b9 b6 36 36 cb f5 41 2c 60 41 a0 ed 05 91 ac f0 0b cd 63 df a6 3b 4c 99 aa 27 54 9e 2d 92 49 8a f4 fb f3 50 f8 89 7b f7 f9 ab d2 d8 c7 c7 b7 9e fc 7e 33 ec 0a e6 51 5b b9 9c 12 0b 88 dc 0c 68 25 6e a1 50 72 52 41 bb 71 2b 07 a1 fc 08 fb 3c b2 7b ae 01 31 d5 62 f0 b0 44 6e df 8e 4e 84 4c 1a 32 bc 94 1c 65 f6 3d 39 26 9b c3 61 17 b4 8c 21 1d 9b ff 4b 6f f5 40 44 3d f6 9b 42 75 90 37 1f 62 3e a9 4d d7 50 ec fe 19 6d 52 82 04 ac 12 56 63 84 3b db c8 cb f9 1b 44 78 9d df 17 63 4e 64 57 c7 53 28 63 94 54 e7 22 bc 0e 06 5c c0 0d 7b 3a 0d 36 34 68 a2 49 0b 71 9f 1f 0e 02 8a 97 2c 71 9b 37 1f 98 2e f2 5b f9 38 5d fc 95 d4 16 c2 bb cc 4a 31 d1 e4 13 a5 3f b2 a7 82 b7 21 db 0e d5 ca 58 6a da 4b 97 d5 ec 30 a6 c2 dc 8b a0 7c ae 1b e4 ff 70 ff a3 f2 d2 72 b5 cb 17 76 d8 e5 5f 1f 9b db 0c 98 27 d7 be 52 40 59 ea 84 86 87 7a b5 b2 ec 44 9a bf 89 a5 1d b6 7b 1c ef e0 67 d2 de 1d b7 bc dc db b3 42 4f e7 96 7c ff 98 dd 39 5d 68 50 b6 19 fd 44 c6 39 68 e5 d7 88 ed b1 c5 1c ef 59 83 bd 8e f5 64 6c 78 3b 1e 54 a8 cb fa 64 83 3a 97 28 e5 5d 34 f0 87 80 cc c5 10 98 74 1f 3d 74 02 b1 cc e6 bf e1 3c 1e 0b 50 e9 d8 8f a1 c7 d4 2d 44 9b c9 ed f9 d3 b2 6e ec 0d 5f 29 87 e0 08 8a c0 9c 17 9a 2f e8 0b 2a 0a cc 89 38 d3 57 f5 0c 0c a1 b7 5b 76 4d 7d 81 82 8a d6 80 eb 27 f8 d9 7d 50 94 8d e8 bb 51 d8 79 0f 7f a0 c8 c0 e3 b8 47 be cf ce 1a de 08 f7 f5 c1 ab 95 69 37 c8 1a 12 e6 74 9a c5 48 e1 59 00 6e ef e0 9f e6 1a 1c 15 c5 12 c6 b5 9d cc 40 56 2d d5 8d aa fd 54 13 a4 dc 4c c4 4c 73 10 a1 c4 50 0b da 4b 23 ea fa 77 ae e0 a0 be 5b ac 5e dd 5c f8 83 6f db 50 6f 2e de d0 c2 57 d9 e1 2a 06 c0 d0 be 40 28 11 6b bb 1e 53 e8 ee f6 c5 e1 e1 cd a3 e5 cc c6 bf e7 67 a8 25 8b c0 b8 f0 a6 05 5c ae ef 7e ee 28 f2 67 86 74 fd 49 e0 84 2b 80 e9 71 10 a8 86 a0 4f 13 ca 67 3d d3 c7 75 a5 17 db 46 ba a2 17 bd 64 84 f3 e3 95 b6 51 c8 10 44 aa 1c 72 3a 61 1f 65 44 5b f4 82 47 38 f8 c5 38 5e 0c 86 b7 f3 e6 4a 95 f0 95 87 b0 19 7c 2c 7a bc 64 a6 3a f0 93 ed 25 78 89 66 38 62 66 46 ab 17 2b 6c fd 28 69 93 e8 81 27 f1 56 b8 2d a3 c1 d6 73 60 42 97 8a 10 68 70 00 00 4d 59 25 67 49 76 07 00 01 01 00 00 01 01 00 00 12 00 1c 57 dc 65 81 f2 e8 65 5f b6 dd 83 08 00 45 00 00 f3 d6 2b 40 00 f0 06 14 c6 36 cb 19 93 0a c0 43 f5 01 bb c6 89 87 e5 23 71 a9 91 02 f1 80 18 01 a9 03 a3 00 00 01 01 08 0a 20 69 49 e2 c3 af 0c 02 17 03 03 00 ba 00 00 00 00 00 00 00 24 57 79 cf 2d dc ef 7f e0 f7 3b 25 47 26 92 6d d0 88 2c 22 d9 91 1f 77 fc d1 59 d0 8f c9 2d 80 da 34 63 dc d8 57 00 b8 f3 1f 18 3e 31 d0 5d ec eb 38 2b 08 31 3f f1 64 72 fe b9 2c c5 03 4e 2c 6b b7 92 8d 88 58 79 d1 7b ee 97 80 d9 90 f5 67 03 cd 8f 51 1c ff 08 49 5f 5e 8d f7 41 f7 8a 08 34 84 64 0a dd d2 70 49 dc 6f 83 0b ad 72 2b ad 2e 12 3d dc 9e 3f 09 2a a3 e4 10 96 a6 ac 06 fb 55 ca e8 d6 c3 a1 90 47 13 18 79 c2 88 9f c1 eb 4b 21 43 b1 c0 e0 5d 65 bd c1 09 b4 c8 df da 9f 5d 89 59 a1 dd 88 ef 92 69 44 76 5b af 6f b8 1c 0c 63 7b 00 4d 59 25 67 4a 76 07 00 68 00 00 00 68 00 00 00 12 00 1c 57 dc 65 81 f2 e8 65 5f b6 dd 83 08 00 45 00 00 5a d6 2c 40 00 f0 06 15 5e 36 cb 19 93 0a c0 43 f5 01 bb c6 89 87 e5 24 30 a9 91 02 f1 80 18 01 a9 32 8d 00 00 01 01 08 0a 20 69 49 e2 c3 af 0c 02 17 03 03 00 21 00 00 00 00 00 00 00 25 cd 0b f2 9a 19 b6 37 47 a8 5a b7 18 3e bf f2 7b 2a 29 fc 13 24 e3 52 75 2a 00 00 4d 59 25 67 a0 76 07 00 00 04 00 00 ef 04 00 00 12 00 e8 65 5f b6 dd 83 1c 57 dc 65 81 f2 08 00 45 00 04 e1 00 00 40 00 40 06 97 04 0a c0 43 f5 36 cb 19 93 c6 89 01 bb a9 91 0e 19 87 e5 24 56 80 10 07 fc 
3,2024-11-01 23:42:21,e8:65:5f:b6:dd:83,1c:57:dc:65:81:f2,54.203.25.147,10.192.67.245,TCP,443,50825,N/A,Other TCP Traffic,01 01 08 0a 20 69 49 e2 c3 af 0c 02 17 03 03 00 ba 00 00 00 00 00 00 00 24 57 79 cf 2d dc ef 7f e0 f7 3b 25 47 26 92 6d d0 88 2c 22 d9 91 1f 77 fc d1 59 d0 8f c9 2d 80 da 34 63 dc d8 57 00 b8 f3 1f 18 3e 31 d0 5d ec eb 38 2b 08 31 3f f1 64 72 fe b9 2c c5 03 4e 2c 6b b7 92 8d 88 58 79 d1 7b ee 97 80 d9 90 f5 67 03 cd 8f 51 1c ff 08 49 5f 5e 8d f7 41 f7 8a 08 34 84 64 0a dd d2 70 49 dc 6f 83 0b ad 72 2b ad 2e 12 3d dc 9e 3f 09 2a a3 e4 10 96 a6 ac 06 fb 55 ca e8 d6 c3 a1 90 47 13 18 79 c2 88 9f c1 eb 4b 21 43 b1 c0 e0 5d 65 bd c1 09 b4 c8 df da 9f 5d 89 59 a1 dd 88 ef 92 69 44 76 5b af 6f b8 1c 0c 63 7b 
4,2024-11-01 23:42:21,e8:65:5f:b6:dd:83,1c:57:dc:65:81:f2,54.203.25.147,10.192.67.245,TCP,443,50825,N/A,Other TCP Traffic,01 01 08 0a 20 69 49 e2 c3 af 0c 02 17 03 03 00 21 00 00 00 00 00 00 00 25 cd 0b f2 9a 19 b6 37 47 a8 5a b7 18 3e bf f2 7b 2a 29 fc 13 24 e3 52 75 2a 
5,2024-11-01 23:42:21,1c:57:dc:65:81:f2,e8:65:5f:b6:dd:83,10.192.67.245,54.203.25.147,TCP,50825,443,N/A,Web Traffic (HTTP/HTTPS),01 01 08 0a c3 af 0c b1 20 69 49 e2 94 7e 80 1a b4 83 2b ac ef a8 d6 3f e1 02 df 06 c1 37 87 c6 56 bb 3a 94 46 89 63 be f5 20 bd 58 8a 3d a1 83 66 25 ab 1b 8d 04 74 0f 55 05 f5 8c dd d2 6f 93 ca 3f 7e 9d d0 a0 17 27 fb 37 ae f8 38 95 8f 0e 7f 60 98 c4 3f e2 a9 ce b6 71 c5 b7 1b 8b 6e ab a9 1f 16 eb 5b 87 11 16 df c8 e0 c3 88 03 9c fa d9 60 a9 e9 0a 77 13 66 7c ca 92 0c 5c 74 e6 47 40 33 4c 01 9a c6 32 24 f2 fd 3d e0 be d3 6d 0c ba cf d5 a6 21 38 75 b8 51 7a c9 d6 bb e5 73 0c b2 20 d0 9e 9f db 6d 32 44 b6 ba 07 1f e2 61 10 98 7d 25 aa 8b 8b ec 79 d9 ae c4 61 af 21 e6 27 5e 9d be 39 b7 2e ca a9 4a fe c2 71 8c f9 21 9b 43 ea 9d f0 cc 69 ee ba 87 f8 69 b9 2e 26 96 45 35 b0 d4 59 68 9f 3c d8 1b f6 5a 9f 7d eb 60 d8 89 b6 8e 98 a5 26 9c 25 ca 13 4b 10 ad fd d8 6e a5 0e 37 19 be 03 72 48 33 8c 92 6b e7 a5 d7 bf 75 bc d0 54 9b d7 c9 f0 39 dd 5b 08 39 78 71 f4 54 2f be e1 c5 43 f6 7f 8f a0 c5 b3 a1 f8 e1 8a cc 47 9b 49 9d aa 67 69 bb c4 38 65 20 dd 54 c1 81 03 3d 0e 17 7a fb f8 1e 1c 93 34 7c ef 17 84 1d bc e0 73 71 82 ff 95 cc 53 56 7f 23 d0 ee 2f bb fc 60 2f c9 9e 8b 6d 84 35 39 52 56 90 09 2b 51 b4 0a a0 9a a3 1e 7d e3 b6 ff 44 b3 07 4e 8e b7 89 e3 62 0d 7d 1c 33 3b 2b 78 78 08 16 59 5e 1b f0 64 72 ec 8b ad 2b a3 23 90 0c 9c 8a 7b 91 82 11 e7 73 92 1a 72 b8 d7 07 4b e5 d6 22 37 68 1c d5 f7 75 65 a5 5a 53 18 5d a1 f3 8e d2 63 56 94 54 82 33 4a 8b ad 77 26 9c 44 af 19 c8 d3 a6 74 56 37 aa 7b dd a6 9a c8 d9 dc 3c 96 4c f6 a7 2e fc 25 d0 36 c1 04 a7 90 43 19 9d 53 53 cc 3b 90 54 57 d8 7f ee 31 07 6f 9c 84 ab 1b 9f 47 f0 10 e4 6e ee 6b ee 50 be 55 dd db cb 44 03 f7 2d 77 79 04 fc 73 d3 43 af 2b 29 6e 52 4c 36 7e eb 27 f8 60 64 9c 60 dd 56 49 e7 64 74 c3 67 ae 6c 11 68 69 55 4d 2b 18 8c 19 93 43 5a 50 ae 4f fa e2 03 ba 8d 6b 6e 94 90 a6 0c 02 4a da 3d 2c 26 e0 43 72 67 9a 63 6f a0 d2 22 03 1c 26 8d 54 0c 69 88 b1 69 1b 0c 72 c1 f5 07 27 83 73 5a 2c cb 26 8e 28 5b c2 df 97 bc 99 a6 d1 e3 ca 63 f5 50 d1 9b 3b 70 51 c7 4e 6a f0 af 19 e0 f5 95 90 77 4c b9 59 f4 c2 13 68 a5 1c 13 39 42 bd c7 00 66 6f d2 89 5a e7 46 30 cf 24 ab 8c 18 80 f5 3b 10 78 be 45 cf 5d 49 b8 f6 34 83 b3 9b a8 ae 03 5d 7a 80 a8 f6 c8 a6 74 86 c3 24 41 9a 18 b0 53 9b 15 f3 c7 45 2d cd b9 da 13 46 5e 01 a3 16 a4 87 74 43 6a d8 5a ed 42 58 8d 2d 75 28 b1 75 92 10 18 82 a3 70 df 11 1e f0 b9 af 10 6c 32 03 16 c3 10 6e cf 9c d4 1b 10 9c a9 92 e4 98 23 4d 0f b2 a4 03 d3 f5 0b 2c ce da d7 4a 52 31 e9 55 97 d7 0a 9e 9a 40 67 e2 94 64 7a 2e 74 a4 75 21 50 ce 55 5c 92 63 9d 1d 03 c9 69 9d da 7a 5b c5 e2 f3 27 44 9d b4 38 ad 74 b3 b9 1b a2 85 b9 3b ad 6b 0c 4e a2 a0 50 69 b7 00 cc 37 0d e3 de 86 12 95 aa 0e aa d1 38 7e 1b ff 12 ad 44 01 21 61 4e 4f 74 b8 db 81 aa e0 45 bb 1b b2 5f b3 ab 6d 87 37 85 04 3b b5 24 c3 c0 43 f1 87 f2 ef fb 13 0b 8b d1 20 3f 4b c0 d1 b1 4e 05 5a b9 c3 84 87 7e eb b4 e6 63 25 9e 2d 31 46 4b 1b d4 b3 d7 21 cc da ab 80 30 79 be f8 b4 32 1e d9 97 56 42 4a a9 3c 06 1c 17 eb 55 ca 79 23 6f 97 00 00 4d 59 25 67 97 ba 08 00 67 00 00 00 67 00 00 00 12 00 1c 57 dc 65 81 f2 e8 65 5f b6 dd 83 08 00 45 00 00 59 37 a0 40 00 3a 06 63 f5 22 9f 33 b6 0a c0 43 f5 01 bb c0 90 e1 f5 3b 63 d8 4f 91 13 80 18 01 04 a5 4e 00 00 01 01 08 0a 9c 3b 90 78 da 25 7a 9d 4e 4f 53 41 00 25 01 02 00 00 01 00 9e 15 d4 8e 53 55 50 01 00 04 d8 c5 04 00 00 00 67 25 59 48 31 c5 d8 04 00 00 00 00 4d 59 25 67 2a bd 08 00 42 00 00 00 42 00 00 00 12 00 e8 65 5f b6 dd 83 1c 57 dc 65 81 f2 08 00 45 00 00 34 00 00 40 00 40 06 95 ba 0a c0 43 f5 22 9f 33 b6 c0 90 01 bb d8 4f 91 13 e1 f5 3b 88 80 10 08 02 3f e7 00 00 01 01 08 0a da 28 39 c0 9c 3b 90 78 4d 59 25 67 d3 cc 08 00 61 00 00 00 61 00 00 00 12 00 e8 65 5f b6 dd 83 1c 57 dc 65 81 
6,2024-11-01 23:42:21,e8:65:5f:b6:dd:83,1c:57:dc:65:81:f2,34.159.51.182,10.192.67.245,TCP,443,49296,N/A,Other TCP Traffic,01 01 08 0a 9c 3b 90 78 da 25 7a 9d 4e 4f 53 41 00 25 01 02 00 00 01 00 9e 15 d4 8e 53 55 50 01 00 04 d8 c5 04 00 00 00 67 25 59 48 31 c5 d8 04 00 
7,2024-11-01 23:42:21,1c:57:dc:65:81:f2,e8:65:5f:b6:dd:83,10.192.67.245,34.159.51.182,TCP,49296,443,N/A,Web Traffic (HTTP/HTTPS),01 01 08 0a da 28 39 c0 9c 3b 90 78 
8,2024-11-01 23:42:21,1c:57:dc:65:81:f2,e8:65:5f:b6:dd:83,10.192.67.245,23.33.90.103,TCP,50728,443,N/A,Web Traffic (HTTP/HTTPS),01 01 08 0a 91 b9 0d 0f da 72 88 cd 15 03 03 00 1a 4c c2 17 8d 53 78 83 40 13 e0 4d 84 15 68 94 aa 60 3a f2 70 8c 8a 2e e3 c3 80 
9,2024-11-01 23:42:21,1c:57:dc:65:81:f2,e8:65:5f:b6:dd:83,10.192.67.245,23.33.90.103,TCP,50728,443,N/A,Web Traffic (HTTP/HTTPS),01 01 08 0a 91 b9 0d 0f da 72 88 cd 
10,2024-11-01 23:42:21,1c:57:dc:65:81:f2,e8:65:5f:b6:dd:83,10.192.67.245,10.192.67.1,UDP,60018,53,N/A,DNS Query,33 65 01 00 00 01 00 00 00 00 00 01 11 73 74 72 65 61 6d 2d 70 72 6f 64 75 63 74 69 6f 6e 05 61 76 63 64 6e 03 6e 65 74 00 00 1c 00 01 00 00 29 04 d0 00 00 00 00 00 00 
11,2024-11-01 23:42:21,e8:65:5f:b6:dd:83,1c:57:dc:65:81:f2,10.192.67.1,10.192.67.245,UDP,53,60018,N/A,Other UDP Traffic,33 65 81 80 00 01 00 04 00 00 00 01 11 73 74 72 65 61 6d 2d 70 72 6f 64 75 63 74 69 6f 6e 05 61 76 63 64 6e 03 6e 65 74 00 00 1c 00 01 c0 0c 00 05 00 01 00 00 00 89 00 2b 11 73 74 72 65 61 6d 2d 70 72 6f 64 75 63 74 69 6f 6e 05 61 76 63 64 6e 03 6e 65 74 09 61 6b 61 6d 61 69 7a 65 64 03 6e 65 74 00 c0 39 00 05 00 01 00 00 2e b0 00 16 04 61 36 33 30 04 64 73 63 64 06 61 6b 61 6d 61 69 03 6e 65 74 00 c0 70 00 1c 00 01 00 00 00 00 00 10 2a 02 26 f0 91 00 00 14 00 00 00 00 17 48 f9 8e c0 70 00 1c 00 01 00 00 00 00 00 10 2a 02 26 f0 91 00 00 14 00 00 00 00 17 48 f9 85 00 00 29 04 d0 00 00 00 00 00 06 00 0f 00 02 00 03 
12,2024-11-01 23:42:21,1c:57:dc:65:81:f2,e8:65:5f:b6:dd:83,10.192.67.245,23.33.90.103,TCP,50876,443,N/A,Web Traffic (HTTP/HTTPS),02 04 05 b4 01 03 03 06 01 01 08 0a 84 a3 44 76 00 00 00 00 04 02 00 00 
13,2024-11-01 23:42:21,e8:65:5f:b6:dd:83,1c:57:dc:65:81:f2,54.203.25.147,10.192.67.245,TCP,443,50825,N/A,Other TCP Traffic,01 01 08 0a 20 69 4a 56 c3 af 0c 51 
14,2024-11-01 23:42:21,e8:65:5f:b6:dd:83,1c:57:dc:65:81:f2,23.33.90.103,10.192.67.245,TCP,443,50728,N/A,Other TCP Traffic,01 01 08 0a da 75 47 8b 91 b9 0d 0f 
15,2024-11-01 23:42:21,e8:65:5f:b6:dd:83,1c:57:dc:65:81:f2,23.33.90.103,10.192.67.245,TCP,443,50728,N/A,Other TCP Traffic,01 01 08 0a da 75 47 8b 91 b9 0d 0f 15 03 03 00 1a 52 8b 31 54 a7 36 e8 d0 50 98 6b 34 ee bf 99 71 41 ef 89 32 26 5a f3 a0 4e cb 
16,2024-11-01 23:42:21,e8:65:5f:b6:dd:83,1c:57:dc:65:81:f2,23.33.90.103,10.192.67.245,TCP,443,50728,N/A,Other TCP Traffic,01 01 08 0a da 75 47 8b 91 b9 0d 0f 
17,2024-11-01 23:42:21,1c:57:dc:65:81:f2,e8:65:5f:b6:dd:83,10.192.67.245,23.33.90.103,TCP,50728,443,N/A,Web Traffic (HTTP/HTTPS),
18,2024-11-01 23:42:21,1c:57:dc:65:81:f2,e8:65:5f:b6:dd:83,10.192.67.245,23.33.90.103,TCP,50728,443,N/A,Web Traffic (HTTP/HTTPS),
19,2024-11-01 23:42:21,e8:65:5f:b6:dd:83,1c:57:dc:65:81:f2,23.33.90.103,10.192.67.245,TCP,443,50728,N/A,Other TCP Traffic,01 01 08 0a da 75 47 8c 91 b9 0d 0f 
20,2024-11-01 23:42:21,1c:57:dc:65:81:f2,e8:65:5f:b6:dd:83,10.192.67.245,23.33.90.103,TCP,50728,443,N/A,Web Traffic (HTTP/HTTPS),
21,2024-11-01 23:42:21,e8:65:5f:b6:dd:83,1c:57:dc:65:81:f2,23.33.90.103,10.192.67.245,TCP,443,50876,N/A,Other TCP Traffic,02 04 05 a0 04 02 08 0a da 75 47 92 84 a3 44 76 01 03 03 07 
22,2024-11-01 23:42:21,1c:57:dc:65:81:f2,e8:65:5f:b6:dd:83,10.192.67.245,23.33.90.103,TCP,50876,443,N/A,Web Traffic (HTTP/HTTPS),01 01 08 0a 84 a3 44 95 da 75 47 92 
23,2024-11-01 23:42:21,1c:57:dc:65:81:f2,e8:65:5f:b6:dd:83,10.192.67.245,23.33.90.103,TCP,50876,443,N/A,Web Traffic (HTTP/HTTPS),01 01 08 0a 84 a3 44 95 da 75 47 92 16 03 01 00 f6 01 00 00 f2 03 03 67 25 59 4d 06 f9 3f ea 76 82 0f f9 b2 ba 1a 9b b2 a2 2a 19 e4 a8 cc e0 38 44 d1 7f d8 10 d6 08 20 bc 59 83 9f 21 68 2e 4b af 20 05 9f d2 e3 7a 15 1d e0 c0 18 9f a5 e7 07 4d 43 94 fa 27 f3 e4 91 00 3a 00 ff c0 2c c0 2b c0 24 c0 23 c0 0a c0 09 c0 30 c0 2f c0 28 c0 27 c0 14 c0 13 00 9f 00 9e 00 6b 00 67 00 39 00 33 00 9d 00 9c 00 3d 00 3c 00 35 00 2f 00 af 00 ae 00 8d 00 8c 01 00 00 6f 00 00 00 20 00 1e 00 00 1b 73 74 72 65 61 6d 2d 70 72 6f 64 75 63 74 69 6f 6e 2e 61 76 63 64 6e 2e 6e 65 74 00 0a 00 08 00 06 00 17 00 18 00 19 00 0b 00 02 01 00 00 0d 00 12 00 10 04 01 02 01 05 01 06 01 04 03 02 03 05 03 06 03 00 10 00 0e 00 0c 02 68 32 08 68 74 74 70 2f 31 2e 31 00 05 00 05 01 00 00 00 00 00 12 00 00 00 17 00 00 
24,2024-11-01 23:42:21,e8:65:5f:b6:dd:83,1c:57:dc:65:81:f2,23.33.90.103,10.192.67.245,TCP,443,50876,N/A,Other TCP Traffic,01 01 08 0a da 75 47 b1 84 a3 44 95 
25,2024-11-01 23:42:21,e8:65:5f:b6:dd:83,1c:57:dc:65:81:f2,23.33.90.103,10.192.67.245,TCP,443,50876,N/A,Other TCP Traffic,01 01 08 0a da 75 47 b1 84 a3 44 95 16 03 03 00 60 02 00 00 5c 03 03 26 bf ed df 41 ed d9 88 57 5d 0f 55 37 fc 0f 8e 74 13 98 d8 ec 37 06 65 44 4f 57 4e 47 52 44 01 20 bc 59 83 9f 21 68 2e 4b af 20 05 9f d2 e3 7a 15 1d e0 c0 18 9f a5 e7 07 4d 43 94 fa 27 f3 e4 91 c0 30 00 00 14 ff 01 00 01 00 00 10 00 0b 00 09 08 68 74 74 70 2f 31 2e 31 14 03 03 00 01 01 16 03 03 00 28 b4 d2 a1 c4 d6 7d 5c 12 b8 b3 c8 d4 15 ea c6 bf 26 9c f1 1e cd 54 7b 54 be 36 3b 5e 01 60 63 a1 d1 7d eb 23 d1 ce 69 a1 
26,2024-11-01 23:42:21,1c:57:dc:65:81:f2,e8:65:5f:b6:dd:83,10.192.67.245,23.33.90.103,TCP,50876,443,N/A,Web Traffic (HTTP/HTTPS),01 01 08 0a 84 a3 44 b4 da 75 47 b1 
27,2024-11-01 23:42:21,1c:57:dc:65:81:f2,e8:65:5f:b6:dd:83,10.192.67.245,23.33.90.103,TCP,50876,443,N/A,Web Traffic (HTTP/HTTPS),01 01 08 0a 84 a3 44 b4 da 75 47 b1 14 03 03 00 01 01 
28,2024-11-01 23:42:21,1c:57:dc:65:81:f2,e8:65:5f:b6:dd:83,10.192.67.245,23.33.90.103,TCP,50876,443,N/A,Web Traffic (HTTP/HTTPS),01 01 08 0a 84 a3 44 b4 da 75 47 b1 16 03 03 00 28 ee a8 04 10 d6 e5 e8 00 e5 d9 13 1c 6c 11 94 7a 8b e6 6b 70 c2 df 83 f7 70 d4 62 54 5a 74 70 61 49 f8 84 d6 c1 3e 72 ee 
29,2024-11-01 23:42:21,1c:57:dc:65:81:f2,e8:65:5f:b6:dd:83,10.192.67.245,23.33.90.103,TCP,50876,443,N/A,Web Traffic (HTTP/HTTPS),01 01 08 0a 84 a3 44 b4 da 75 47 b1 17 03 03 00 66 ee a8 04 10 d6 e5 e8 01 ff 78 17 a6 77 0a 0e f8 9e 6a 2b dd 28 47 f8 54 2c 64 30 82 62 fb 8e a2 c9 29 e8 e3 48 0b 77 44 a6 cb b4 67 12 a2 30 13 02 40 70 f1 3b 06 e9 59 e1 11 7e 1f c5 23 4d 42 75 44 b4 3c 7a c7 32 c4 b3 b1 ab ec 9c cc 40 28 52 04 8e 07 8a da 6b 9a 6f 66 bc 5f 9b 33 ca 63 c8 f4 6a 74 63 d3 
30,2024-11-01 23:42:21,e8:65:5f:b6:dd:83,1c:57:dc:65:81:f2,54.203.25.147,10.192.67.245,TCP,443,50825,N/A,Other TCP Traffic,01 01 08 0a 20 69 4a 8b c3 af 0c af 
31,2024-11-01 23:42:21,e8:65:5f:b6:dd:83,1c:57:dc:65:81:f2,54.203.25.147,10.192.67.245,TCP,443,50825,N/A,Other TCP Traffic,01 01 08 0a 20 69 4a 8d c3 af 0c b1 
32,2024-11-01 23:42:21,1c:57:dc:65:81:f2,e8:65:5f:b6:dd:83,10.192.67.245,54.203.25.147,TCP,50825,443,N/A,Web Traffic (HTTP/HTTPS),01 01 08 0a c3 af 0d 5c 20 69 4a 8d a2 44 4d 7e 3f 8f a2 bc 60 e2 94 55 32 2f 1d 82 20 9d fa 07 69 5e 97 42 96 d4 12 a1 1d 0c e4 e4 bb 99 bd 51 28 be f6 4c 55 64 46 48 b9 66 cd b9 b7 4b 18 76 5a 41 e4 f8 e5 fe 90 ec 0c 65 1e 8d 02 a2 67 d5 7a 59 20 16 09 1d 14 cd 51 e6 0f 78 24 fc b5 73 31 ba 73 aa c2 2c 4a 4c 14 73 30 1e 0c d6 a2 d6 3a 03 3d b3 78 43 73 33 f7 07 dd 73 70 7c b9 93 a6 09 12 4d 62 5d 1b 37 9d 10 8b 22 5f b0 d6 8b 26 7e c0 9d f0 49 ef e5 16 76 1a d6 89 4b df b3 ec 7a 2f cb a3 3d fe c7 0d 0a 2d c0 a7 07 7b 19 3f b2 26 9d 92 d8 f8 83 4c 46 75 05 08 25 09 91 d2 b2 36 94 b1 17 df 2d e9 0f f5 71 1b b3 82 9c ab f7 4f e3 02 29 85 b0 59 6a 1b 6d 93 44 3b 60 57 3a ff 0f 89 16 2c 0b 77 04 28 74 f4 31 9d 98 1d fb 51 f2 a6 82 e4 8e f4 5c 1b 9b 90 77 d5 6a ea 54 bd 07 e6 07 00 c1 fb 3e ec e6 18 31 6b 61 14 01 d9 39 b7 79 61 d9 d1 9e 64 c0 d6 8f b1 3b 04 1c f2 68 61 be c4 d0 46 c5 13 cd 8c 08 5a 14 67 fc f6 d0 a8 33 7c 54 8f 48 f8 47 9d d2 ab 7e 0b f4 47 c1 a2 3c 77 25 c8 82 fb 82 8c 47 84 eb 3b b9 96 9d e6 97 44 a4 c9 86 eb 65 75 72 45 eb 58 4f e8 46 20 11 7d dd 41 24 4e b8 e1 42 de f3 78 e7 dd 6a 7b f8 f2 f9 d1 f1 25 21 b2 9b 96 f4 ff e7 0a c8 d2 6d 81 57 ac 6e 29 20 f1 d2 c4 0b 95 a9 dc 0d 3a a8 23 00 20 c1 59 40 cf fe 52 3c ae d0 dd 48 f1 28 42 87 de 51 93 87 48 b1 5c e3 a8 a2 79 90 6f d7 2f eb 0c 6e ac 95 d7 ac e1 7f 0f 84 07 15 4e be 0c 98 cc 0e 5a b8 d6 52 e6 43 71 62 d3 57 ae 00 cf 76 39 76 27 f8 80 6f 6f 8e ac 74 20 d6 a2 69 30 99 66 51 9b 6d fe 28 00 c7 54 b7 9b d6 39 cb 45 66 90 f5 e4 7c cb 57 1f b8 c7 19 63 46 5d bb 47 73 e4 a2 15 61 b0 47 ae 6d 6f ed 46 79 ad 51 3b 24 c7 8a 01 13 b5 96 78 ac ba 2a de ad 63 8d 11 c9 e9 0d 54 d7 76 9a 75 93 76 98 12 c9 49 c4 b5 81 4d 94 c4 c2 c9 56 c0 24 4b ee b7 8d 29 f6 f3 c7 09 a5 f0 07 c6 a3 20 9c 47 df 92 53 4a 53 f7 bd 09 eb 87 1c 74 35 9a 40 4d 7f b4 a1 d7 59 3c 5e be fd a3 77 bf 50 98 08 93 31 60 11 76 08 bf f7 7d 12 91 85 3b ce 88 8d 3a a1 62 b2 12 06 ae 8b d3 c5 5a 79 9f 62 82 7c 57 
33,2024-11-01 23:42:21,e8:65:5f:b6:dd:83,1c:57:dc:65:81:f2,23.33.90.103,10.192.67.245,TCP,443,50876,N/A,Other TCP Traffic,01 01 08 0a da 75 47 d0 84 a3 44 b4 
34,2024-11-01 23:42:21,e8:65:5f:b6:dd:83,1c:57:dc:65:81:f2,23.33.90.103,10.192.67.245,TCP,443,50876,N/A,Other TCP Traffic,01 01 08 0a da 75 47 d0 84 a3 44 b4 
35,2024-11-01 23:42:21,e8:65:5f:b6:dd:83,1c:57:dc:65:81:f2,23.33.90.103,10.192.67.245,TCP,443,50876,N/A,Other TCP Traffic,01 01 08 0a da 75 47 d0 84 a3 44 b4 
36,2024-11-01 23:42:21,e8:65:5f:b6:dd:83,1c:57:dc:65:81:f2,23.33.90.103,10.192.67.245,TCP,443,50876,N/A,Other TCP Traffic,01 01 08 0a da 75 47 d1 84 a3 44 b4 17 03 03 11 2c b4 d2 a1 c4 d6 7d 5c 13 55 ac e2 48 d3 81 50 0b 0a 11 9e 00 6d 1b ca 21 33 22 2d b5 41 25 94 78 bc cb 43 d4 ef 3c 2f 34 b1 e5 e3 ee 2d 7e fc 60 6f 4d 69 22 1e 66 23 21 16 d9 a7 42 a6 0a 84 56 34 5e bc 65 b1 a1 02 fa 33 15 8f 2e 8b 5a 33 29 b8 e2 b4 44 d8 e1 3b 64 09 5a 76 0c 05 d3 58 b1 1a dd 6c 9e 2e 5c d8 f8 bd fe f9 28 66 f2 82 68 1a e0 97 81 59 ff 1e 52 37 da 99 30 95 9f 11 82 25 91 c5 f5 48 ad d1 56 d6 c8 bc 17 ff 82 5d e1 da 0d 3d 27 28 92 5a be 54 4c 5d 24 06 5d 23 fb c1 bc 74 b1 14 08 a0 db 09 39 b7 38 92 23 a1 75 38 aa b4 e4 49 72 65 97 7d 4e 82 51 45 79 f3 8f cf 30 8d ec 98 f9 ce 69 b2 f8 ee 3d cd e8 55 63 ec 81 c6 c8 8b 16 2a b2 a5 6c ab 42 cf e4 99 31 f2 23 f0 c6 ec cb cc 2e 6f d3 51 58 d6 f9 b9 24 ab 7a ac 94 d1 7c a4 bf fe fa 1b f7 46 21 99 1d 2b ab 40 a9 81 a9 cd 21 13 f6 9d f1 64 ea d6 de aa 8d 38 c1 1d fc f2 a5 f4 ea 32 09 a9 ca 91 28 cc 23 42 ed 4f 9e 70 93 71 98 2f 69 17 39 9f 40 b4 d3 4a 0e c4 29 44 56 4f 02 7a 26 0f b7 b0 df 4d 15 5d 4e c8 58 16 38 aa 55 e7 e4 09 bf 3b 21 01 4f 0a b8 cc 6c 38 ef 2c 73 0b 15 b0 c5 30 51 2d 30 9e f2 51 b2 34 27 d4 10 66 b1 61 f3 b2 f7 d8 ff 17 03 7a b2 e2 39 fa 8f fb a1 cf b3 0b 2b ab 59 dc ab ba c9 c7 bb 0b cd 94 ed d9 63 d7 c5 ec d5 24 7e 2e 4e e8 fe 4f e3 1c 08 70 03 16 c5 20 d5 30 09 ce a4 ed dd 3e 80 ab 61 54 52 aa 73 84 50 31 dc 94 4c a8 7b ae 71 b1 33 46 5c ab 29 19 b0 38 05 9c e5 45 de b7 22 5a f1 85 1b fc 76 01 31 5b b7 5f c6 7b e4 ba 3d f2 97 3c 4b 2b ce 67 e5 1e 76 41 9d 5e 18 ed 3d 5c 13 c8 f1 47 a4 ef 1f 49 75 2b 44 9a c0 33 fb f2 b2 e3 76 69 88 08 bb c2 30 27 db f7 c7 ff 3f 23 b7 16 db 9e 63 c9 d6 5d 1b 22 fe c7 5e 2c da dd b6 a7 b5 94 74 2a 57 b6 a7 df c5 eb cf d7 08 8b c8 b7 8d 15 95 aa 1f b1 a6 5c c4 71 c8 5d b7 bb 74 a8 78 e1 b0 81 8e b3 bb e9 24 08 47 e2 4a 70 7a 5a 2f 2e 44 7d b9 64 3f 67 b6 fc e8 93 71 69 60 e2 b2 2f 1f 54 12 23 c1 f5 73 7a 4d 1c a9 16 6c aa 4e 12 7f 0a a9 67 48 a3 48 a5 7a 92 83 eb ac 48 82 88 98 d2 b3 a7 8e dc 0c 40 c7 f4 60 2f f2 51 c9 b8 28 c0 1b 6b 3b 07 94 47 61 c0 45 76 cc f5 3c d6 bd ee 70 f5 b4 c9 e3 4c 2a 58 a9 28 87 3b c5 db db a8 19 fb 9b fb 86 b8 22 35 c5 db 40 a3 4f 29 c9 ce 49 23 90 24 05 f3 93 f0 65 0e 5c d2 70 9c a8 55 e2 83 4e 55 17 07 34 1d 53 dd 2a 6a e9 25 65 8f 8f f1 74 2e 4e e0 f5 42 07 b3 64 67 7c 24 8b 57 73 f3 b1 2c 8e 4c 83 3e d6 cd 10 9a 3e 7d 4c 2f 5e a1 9e 6b f9 c1 a4 9c 0a 11 f0 be f9 62 b0 06 c1 67 0b 65 e8 b8 63 4f 62 5d c0 07 32 90 3a 18 79 af 75 76 03 c3 d0 bc e7 47 d0 17 54 24 e0 a6 82 b6 ee 50 e8 8d 61 ca c4 c6 ba 5d 1a ec 39 f6 1c 43 a0 e8 1c c6 dc 90 a5 f0 91 d2 7e f2 6e 96 16 b0 33 66 7c 16 b2 94 2e 46 7b 3e 9e f4 90 6f 63 d7 03 e1 08 66 ba 78 36 00 b6 8a b7 e4 ce da 85 84 8c a3 b9 60 00 71 75 83 0b 85 f2 d2 07 a8 38 b6 54 19 43 12 c1 fa f0 a6 a0 e9 59 c9 0d 91 5c b2 07 57 4e 9b eb 67 6e 55 a1 e9 67 31 18 e0 69 44 ef 1c 9f 1b 2e 53 74 68 b6 19 54 bf 0b df 56 3d 50 ba be 6b 7c e4 00 00 4d 59 25 67 e8 4f 0a 00 00 04 00 00 d6 05 00 00 12 00 1c 57 dc 65 81 f2 e8 65 5f b6 dd 83 08 00 45 00 05 c8 9f 09 40 00 34 06 e1 e9 17 21 5a 67 0a c0 43 f5 01 bb c6 bc 4e b3 da 33 14 a9 23 85 80 10 01 fc 19 72 00 00 01 01 08 0a da 75 47 d1 84 a3 44 b4 e7 2f 64 ec 86 e8 ab ea b6 85 aa 41 b8 3b 30 17 63 0e 19 b7 38 f7 b0 2e 6d c3 07 db f1 fe 95 9c d4 2d 48 ef c5 a0 d3 a6 9a 20 e1 3b 66 58 23 91 cf 0c ec 1a fc f1 61 1a 7d e5 d8 a6 ec 7b 2e 33 ee ef af 84 67 b4 64 6c 2e de 33 f6 3a 52 de 3c c9 d5 b0 39 6e 70 94 0f 85 b4 f8 51 cc de e4 b3 f1 70 a4 64 e9 a9 56 9a 1c 03 78 b6 a9 18 01 68 c9 cb 27 76 ee 67 d9 65 f4 d1 7b b7 fb 99 e8 da d5 e4 92 c5 26 b8 77 92 8c 2f 3d b0 6c 48 3a 5c 7c e3 f5 65 56 65 f1 11 88 42 8b e5 2f 8b d3 43 ae 6a 85 16 1c 49 8b aa 40 9f 7b 8c 8a 09 1c 68 2e d9 8a 36 51 e7 95 c7 e4 cb 0d 48 2c c8 a2 2e 08 9e 4e c9 79 43 16 66 81 bb e8 59 b9 24 c0 0c 74 49 32 6a 3d c0 29 cf 71 4e 66 00 25 1b 87 09 9e 1f 4e 47 62 a1 ea dd 3f 53 0b 17 4a e7 69 37 78 ef 12 ae aa 1a ce 9e 85 a5 b9 39 39 6f ab 47 cb f0 4e a7 dc 2f 25 88 af 44 cf 0f 7c 40 c0 53 b1 6c f2 1c 04 dd 27 e2 41 dd 88 1f 15 ea bf 7a d3 d3 9c 4f 34 79 57 21 15 ca bf c1 a8 f3 ac 0e 69 80 1e ce ff 46 4b 45 48 42 8c 0e e6 2d d1 c5 a6 a5 1b 43 6f e9 40 43 57 09 54 b5 20 b5 a3 29 2c 6f 83 00 99 cc 50 23 11 89 a7 53 1a 53 4f 88 3f 20 8c fe 63 e6 7a ba c0 40 e7 60 c3 a2 39 3c 6d 0b 8a bf 04 54 65 18 c2 e6 ae 4d 66 06 ec 2b 
37,2024-11-01 23:42:21,e8:65:5f:b6:dd:83,1c:57:dc:65:81:f2,23.33.90.103,10.192.67.245,TCP,443,50876,N/A,Other TCP Traffic,01 01 08 0a da 75 47 d1 84 a3 44 b4 e7 2f 64 ec 86 e8 ab ea b6 85 aa 41 b8 3b 30 17 63 0e 19 b7 38 f7 b0 2e 6d c3 07 db f1 fe 95 9c d4 2d 48 ef c5 a0 d3 a6 9a 20 e1 3b 66 58 23 91 cf 0c ec 1a fc f1 61 1a 7d e5 d8 a6 ec 7b 2e 33 ee ef af 84 67 b4 64 6c 2e de 33 f6 3a 52 de 3c c9 d5 b0 39 6e 70 94 0f 85 b4 f8 51 cc de e4 b3 f1 70 a4 64 e9 a9 56 9a 1c 03 78 b6 a9 18 01 68 c9 cb 27 76 ee 67 d9 65 f4 d1 7b b7 fb 99 e8 da d5 e4 92 c5 26 b8 77 92 8c 2f 3d b0 6c 48 3a 5c 7c e3 f5 65 56 65 f1 11 88 42 8b e5 2f 8b d3 43 ae 6a 85 16 1c 49 8b aa 40 9f 7b 8c 8a 09 1c 68 2e d9 8a 36 51 e7 95 c7 e4 cb 0d 48 2c c8 a2 2e 08 9e 4e c9 79 43 16 66 81 bb e8 59 b9 24 c0 0c 74 49 32 6a 3d c0 29 cf 71 4e 66 00 25 1b 87 09 9e 1f 4e 47 62 a1 ea dd 3f 53 0b 17 4a e7 69 37 78 ef 12 ae aa 1a ce 9e 85 a5 b9 39 39 6f ab 47 cb f0 4e a7 dc 2f 25 88 af 44 cf 0f 7c 40 c0 53 b1 6c f2 1c 04 dd 27 e2 41 dd 88 1f 15 ea bf 7a d3 d3 9c 4f 34 79 57 21 15 ca bf c1 a8 f3 ac 0e 69 80 1e ce ff 46 4b 45 48 42 8c 0e e6 2d d1 c5 a6 a5 1b 43 6f e9 40 43 57 09 54 b5 20 b5 a3 29 2c 6f 83 00 99 cc 50 23 11 89 a7 53 1a 53 4f 88 3f 20 8c fe 63 e6 7a ba c0 40 e7 60 c3 a2 39 3c 6d 0b 8a bf 04 54 65 18 c2 e6 ae 4d 66 06 ec 2b 65 3a 97 14 0b fa cc ce 52 fd 4d 18 5c d0 0e 13 9d f8 0e 5e 47 65 2f dd 68 7f 2c 2b 9e ab d4 0e 17 1e d4 98 5d b9 a3 c6 fe c3 42 d0 4b f7 c4 62 f6 da bc e1 64 76 1c 12 78 6c f1 3f d8 bb cd 4c 8d 23 51 f3 6f fc 20 9c fb b7 17 97 0e b8 0c 13 a0 b8 d7 37 1d 67 80 b0 7d 2f 96 3d 0a 40 a3 33 0e 74 e5 14 a8 64 02 96 18 bc 72 06 54 26 ca 21 e2 10 ae 11 72 9c 1b a1 2e 3b cd 41 71 f8 1e f8 9f cc 32 28 b0 14 d8 09 54 be d3 55 b5 d4 f8 dc 8a 05 39 16 de 7f f3 58 09 35 0e 6f 69 d8 ae 5c 13 1c c4 93 ee bf 7e 08 39 13 ed e3 78 a0 f8 84 44 64 a8 ab 90 8f d8 81 23 a5 b1 9b 53 ee bd d0 71 33 b1 60 18 42 34 e8 42 14 fe ee c8 d1 5b 3e 57 7f 92 4c e9 27 9c c1 a9 c9 2d 83 2a c2 88 dd 1b e0 81 27 78 91 93 28 73 41 10 dc b1 db 45 db 04 5c 2f 5f 09 31 9a 1c 18 27 cc 84 d1 cb c6 e5 f7 98 65 60 d9 0b 6e a3 0d 3e 89 e1 69 6b c4 2a ec 44 64 00 b7 67 2a 4e 7d 68 60 e4 4e e4 eb 2d e9 92 c1 55 d5 9d 2d 2a 19 1d 4d f0 29 e0 6a 4e f8 1b 0b e9 28 64 0e 08 8e bd b7 d8 bc c6 f5 85 6b 3e 20 49 37 c4 15 51 20 02 39 33 d7 2c f7 9d 0f f3 66 d2 cb f2 2d c6 7c 68 7b 55 0c 1c 69 aa 23 60 76 76 fb 78 e0 75 f8 d6 13 57 5a 95 06 23 07 62 b4 82 f6 ea 69 69 7e a6 cd ae fb ec 30 fe 2a 4c 8d 60 d5 9c 7b 0e 22 f5 2e 81 83 8c 49 ff 34 9a df 86 fb 4d 8c 1b 2a 4f df 30 99 25 da ea b8 08 f8 c8 59 83 25 c0 60 8d 2c ff c6 7f 3f ff 71 68 d8 76 3a 1e c8 8c 73 b9 b2 2c f8 10 cb 77 ca 93 e9 1c d0 9f 2e e2 47 23 6d fb ab e3 a0 92 1c 19 ff d4 c1 06 58 69 2d b4 d7 29 80 52 6e 0e 46 a6 36 c7 29 03 f3 7f 7d 85 50 b0 21 1d c2 73 30 7d c3 c0 45 40 fc 90 a8 70 80 fa 30 58 33 b7 b0 7f 81 4a ce 48 4e 04 28 51 05 60 01 ee 16 a0 2c 8a 10 e4 1c e2 0f 4e 50 e3 45 95 73 0e 99 38 e7 2b 23 bb 16 12 1f da 06 02 9d 66 63 30 a7 cf 11 fb 6b 46 ad a9 07 f6 1f b4 a6 5d d9 91 00 00 4d 59 25 67 ea 4f 0a 00 00 04 00 00 d6 05 00 00 12 00 1c 57 dc 65 81 f2 e8 65 5f b6 dd 83 08 00 45 00 05 c8 9f 0a 40 00 34 06 e1 e8 17 21 5a 67 0a c0 43 f5 01 bb c6 bc 4e b3 df c7 14 a9 23 85 80 10 01 fc ff c0 00 00 01 01 08 0a da 75 47 d1 84 a3 44 b4 26 1f 22 0c 1f e2 b0 29 21 92 b6 ef ad 3a 2e 31 2e d6 ca f1 63 51 c6 0b ec e5 59 88 59 0f 77 28 b7 b4 78 48 6b a4 1b 72 ce 82 46 0f 5d c3 21 f6 c3 89 4e 43 c9 1e 9e c5 8a db ab 0b 92 3d dd 65 1d f7 ba 6a 4d 83 1a 26 a7 b3 59 af fa 2c f6 a3 7e 87 09 c5 78 97 ba 9c 87 35 d1 af ff 68 de 12 bf c3 e9 2a 3d cc 25 e0 05 4f 30 65 61 4a ce 71 1c ec 80 72 a2 98 5e 64 71 c2 5b cb 50 3b 5c 86 c6 0a bb 2f 7e 3a 2a b4 97 cb 70 a7 31 b4 0d cb 51 d4 0c 2b d1 18 64 e9 d3 9d 00 e2 2c 62 9b 4e ab e7 8e 10 e7 90 c9 b3 d7 c0 70 28 71 ba 1a b0 10 e6 15 d6 23 41 9a 60 2f 14 a2 8c 5e 10 44 77 0e 77 a1 a6 04 92 36 8c 73 61 c9 8f 6f 1f 4e 34 a8 17 d5 55 26 e2 b0 0b 8b d3 15 4f 2d 4f 91 41 0e 0d 8f 9f 31 e1 1e 0c d8 98 e5 77 d5 74 e1 3c 1d 42 ba f0 cd c6 30 2d d5 3d ed 16 37 3b 39 80 ac f9 5a 62 be 21 d1 57 8e ab 73 12 7d 09 34 d1 ee c8 9e b4 90 74 50 2c 06 8d 06 5f 6b 03 49 84 84 e3 89 88 3a ba cd be 33 e4 e9 72 70 c7 9e 7f 96 44 5b ec 17 b4 40 fb 88 6e 27 56 98 e0 6c 00 cd ae d4 dc a4 5d a3 a7 b8 24 2a ea 3b 89 e8 07 1e fb 32 70 20 f0 54 4f 97 33 b0 6e c0 10 27 40 fe 14 f3 6e 73 b2 c3 35 b2 9f be b8 98 70 c4 44 d0 65 f7 24 57 da 11 20 f6 59 83 72 78 e4 7f fb 
38,2024-11-01 23:42:21,e8:65:5f:b6:dd:83,1c:57:dc:65:81:f2,23.33.90.103,10.192.67.245,TCP,443,50876,N/A,Other TCP Traffic,01 01 08 0a da 75 47 d1 84 a3 44 b4 26 1f 22 0c 1f e2 b0 29 21 92 b6 ef ad 3a 2e 31 2e d6 ca f1 63 51 c6 0b ec e5 59 88 59 0f 77 28 b7 b4 78 48 6b a4 1b 72 ce 82 46 0f 5d c3 21 f6 c3 89 4e 43 c9 1e 9e c5 8a db ab 0b 92 3d dd 65 1d f7 ba 6a 4d 83 1a 26 a7 b3 59 af fa 2c f6 a3 7e 87 09 c5 78 97 ba 9c 87 35 d1 af ff 68 de 12 bf c3 e9 2a 3d cc 25 e0 05 4f 30 65 61 4a ce 71 1c ec 80 72 a2 98 5e 64 71 c2 5b cb 50 3b 5c 86 c6 0a bb 2f 7e 3a 2a b4 97 cb 70 a7 31 b4 0d cb 51 d4 0c 2b d1 18 64 e9 d3 9d 00 e2 2c 62 9b 4e ab e7 8e 10 e7 90 c9 b3 d7 c0 70 28 71 ba 1a b0 10 e6 15 d6 23 41 9a 60 2f 14 a2 8c 5e 10 44 77 0e 77 a1 a6 04 92 36 8c 73 61 c9 8f 6f 1f 4e 34 a8 17 d5 55 26 e2 b0 0b 8b d3 15 4f 2d 4f 91 41 0e 0d 8f 9f 31 e1 1e 0c d8 98 e5 77 d5 74 e1 3c 1d 42 ba f0 cd c6 30 2d d5 3d ed 16 37 3b 39 80 ac f9 5a 62 be 21 d1 57 8e ab 73 12 7d 09 34 d1 ee c8 9e b4 90 74 50 2c 06 8d 06 5f 6b 03 49 84 84 e3 89 88 3a ba cd be 33 e4 e9 72 70 c7 9e 7f 96 44 5b ec 17 b4 40 fb 88 6e 27 56 98 e0 6c 00 cd ae d4 dc a4 5d a3 a7 b8 24 2a ea 3b 89 e8 07 1e fb 32 70 20 f0 54 4f 97 33 b0 6e c0 10 27 40 fe 14 f3 6e 73 b2 c3 35 b2 9f be b8 98 70 c4 44 d0 65 f7 24 57 da 11 20 f6 59 83 72 78 e4 7f fb 54 bd 0d 9b 4a af 18 fd 58 d1 59 3f 4a 46 5f 67 78 12 7d 71 c4 42 59 81 be d0 00 42 2c 4e 2c 5c 57 8c ff 0a d3 2e dc 00 1a c6 4b 6e ce 53 f5 dc 21 2b 1d 69 88 09 52 21 13 a2 63 4f 0c 37 4a 02 fa 89 a5 72 12 b2 94 df 67 56 b9 1b e9 b9 e2 56 5e 19 68 ce ea 60 b6 5f 08 54 a4 72 97 a4 8c 6f ed 8d 49 1c 37 0f 9c d7 d4 81 c7 69 da 77 08 8b 42 da 7b a4 ec 9f 6d 41 f3 aa 9f 28 e2 e4 82 61 81 0a 50 0d 25 57 d6 25 a9 fb 43 79 b6 77 98 c6 87 2a da fd 06 2a d9 fa 5f 73 94 dc 9c a9 53 1d c8 a6 86 db 55 41 f3 e5 c0 44 27 87 ab 54 35 2f 67 dc 54 83 dd 2b d9 a3 af 3f 76 c6 48 f1 33 b9 09 21 8b d2 5f 25 60 30 f9 a3 c9 df 49 a0 24 dc dc 73 be 32 8f 79 cb 28 76 2e 63 16 71 8c 1c 56 b7 75 fe 6d 0c 53 96 74 fb 78 2b aa fb 73 48 4d 70 80 ba fb 39 2d c4 f9 8c ba 9b c5 ec 0d bb 70 6d 25 45 d9 e1 22 81 62 ac 90 ce 76 23 af be 36 25 29 4a ac a7 56 ff 66 71 d5 77 ca e7 4c a0 a3 e2 0e 2a ec 1d 88 8b 8f 29 77 c2 1a 39 42 ce 38 18 e5 8a 90 d6 7b d3 89 f5 a9 a4 3d d0 76 5f 14 00 f8 60 d7 e5 91 a6 01 3a 89 20 a6 7e d4 da 3d 7e 09 4f d1 c7 de f9 c4 e9 eb 78 88 92 40 91 86 bd 98 1a d2 21 07 28 13 e0 cb a0 b6 48 ef 85 52 ab 64 8c 95 41 7e d2 9d bc c3 72 a0 31 52 5b 65 3f 21 33 ee 08 f8 f4 db 16 ea 00 5a db 60 80 04 aa 6c b3 75 30 05 db 73 97 b2 1c 23 d4 8e 31 2b 8e 94 8c 48 cd 94 35 7f 3f 95 33 e1 bb 7e e9 91 3f 0b 56 c7 6e be 75 41 2a 14 4e 13 c8 c8 b8 6a 66 2a c6 f6 14 bc d0 45 da 0c c4 39 cb a0 af 2c 94 e8 21 0e bf 79 bc 2c 6f 23 31 7f a1 ff d2 44 9a 7d 27 0a bb 8c 46 35 eb 8f a5 d3 75 3f fc 12 cb cc 47 43 0f 39 50 37 e7 fd a6 05 a9 1e c4 5f 43 c8 7d 50 50 1b ae a4 65 eb 25 d6 08 ac f9 39 89 26 e7 a8 fb 4b c1 12 ae cc b4 c7 82 f8 6f ea 72 23 f7 d1 69 c3 0d da 7c 90 98 0a e6 5f 29 10 8e 71 06 54 4f 36 ef 7c 52 e8 8e c2 b7 3f 00 00 4d 59 25 67 ec 4f 0a 00 b7 00 00 00 b7 00 00 00 12 00 1c 57 dc 65 81 f2 e8 65 5f b6 dd 83 08 00 45 00 00 a9 9f 0b 40 00 34 06 e7 06 17 21 5a 67 0a c0 43 f5 01 bb c6 bc 4e b3 e5 5b 14 a9 23 85 80 18 01 fc d9 71 00 00 01 01 08 0a da 75 47 d1 84 a3 44 b4 37 60 da 44 7c 0b da bd f2 72 f5 57 81 e4 df fa 15 f9 97 b9 3c 18 54 eb 12 f3 fe db ff cf e8 5b 4e a5 d7 54 0c c7 37 de b0 ba f6 0d 66 77 9a a3 b2 98 ab 0b 83 9b 5c db e0 30 43 b3 43 a0 89 3f c5 8f 18 c6 a3 1e 5d 0d 47 c6 e1 50 85 be 96 59 5f 71 c4 85 ac 7a 3e ef 03 45 2e db c3 b6 ad b7 04 cc 5d 94 ae 8c 94 50 10 7a 93 65 54 35 78 6e d1 33 f6 7e da 00 00 00 4d 59 25 67 66 50 0a 00 42 00 00 00 42 00 00 00 12 00 e8 65 5f b6 dd 83 1c 57 dc 65 81 f2 08 00 45 00 00 34 00 00 40 00 40 06 7a 87 0a c0 43 f5 17 21 5a 67 c6 bc 01 bb 14 a9 23 85 4e b3 e5 d0 80 10 07 bd 8d da 00 00 01 01 08 0a 84 a3 44 d4 da 75 47 d1 4d 59 25 67 34 51 0a 00 42 00 00 00 42 00 00 00 12 00 e8 65 5f b6 dd 83 1c 57 dc 65 81 f2 08 00 45 00 00 34 00 00 40 00 40 06 7a 87 0a c0 43 f5 17 21 5a 67 c6 bc 01 bb 14 a9 23 85 4e b3 e5 d0 80 10 08 00 8d 97 00 00 01 01 08 0a 84 a3 44 d4 da 75 47 d1 4d 59 25 67 74 b0 0c 00 42 00 00 00 42 00 00 00 12 00 1c 57 dc 65 81 f2 e8 65 5f b6 dd 83 08 00 45 00 00 34 d6 30 40 00 f0 06 15 80 36 cb 19 93 0a c0 43 f5 01 bb c6 89 87 e5 24 56 a9 91 15 4b 80 10 01 a9 65 f7 00 00 01 01 08 0a 20 69 4b 38 c3 af 0d 5c 4d 59 25 67 d8 b7 0c 00 01 01 00 00 
39,2024-11-01 23:42:21,e8:65:5f:b6:dd:83,1c:57:dc:65:81:f2,23.33.90.103,10.192.67.245,TCP,443,50876,N/A,Other TCP Traffic,01 01 08 0a da 75 47 d1 84 a3 44 b4 37 60 da 44 7c 0b da bd f2 72 f5 57 81 e4 df fa 15 f9 97 b9 3c 18 54 eb 12 f3 fe db ff cf e8 5b 4e a5 d7 54 0c c7 37 de b0 ba f6 0d 66 77 9a a3 b2 98 ab 0b 83 9b 5c db e0 30 43 b3 43 a0 89 3f c5 8f 18 c6 a3 1e 5d 0d 47 c6 e1 50 85 be 96 59 5f 71 c4 85 ac 7a 3e ef 03 45 2e db c3 b6 ad b7 04 cc 5d 94 ae 8c 94 50 10 7a 93 65 54 35 78 6e d1 33 f6 7e da 
40,2024-11-01 23:42:21,1c:57:dc:65:81:f2,e8:65:5f:b6:dd:83,10.192.67.245,23.33.90.103,TCP,50876,443,N/A,Web Traffic (HTTP/HTTPS),01 01 08 0a 84 a3 44 d4 da 75 47 d1 
41,2024-11-01 23:42:21,1c:57:dc:65:81:f2,e8:65:5f:b6:dd:83,10.192.67.245,23.33.90.103,TCP,50876,443,N/A,Web Traffic (HTTP/HTTPS),01 01 08 0a 84 a3 44 d4 da 75 47 d1 
42,2024-11-01 23:42:21,e8:65:5f:b6:dd:83,1c:57:dc:65:81:f2,54.203.25.147,10.192.67.245,TCP,443,50825,N/A,Other TCP Traffic,01 01 08 0a 20 69 4b 38 c3 af 0d 5c 
43,2024-11-01 23:42:21,e8:65:5f:b6:dd:83,1c:57:dc:65:81:f2,54.203.25.147,10.192.67.245,TCP,443,50825,N/A,Other TCP Traffic,01 01 08 0a 20 69 4b 3a c3 af 0d 5c 17 03 03 00 ba 00 00 00 00 00 00 00 26 63 3e 8e 16 e5 a9 41 4d 7d 87 af d0 00 8e 84 6c 40 d4 46 70 28 d9 fd 3d 16 02 6d 59 d8 51 1f d1 84 da 02 c5 ea 55 1e 8c bb ef 4a 5b 2f c7 fc 96 b5 cd fd 34 4c 7f 95 b3 69 22 61 45 a8 74 3c 26 fc 84 ec a5 2c 68 15 d4 f0 07 a5 be b7 19 5c f3 70 9c b5 9e 38 eb b5 32 c2 b9 3d 5e f1 ce 3a b0 98 d8 8f a3 c6 56 3e 69 e2 bd 83 66 99 b8 ce 1c b9 43 bc c9 15 ec 18 79 00 e1 ef 65 78 4c 61 79 ab 1b ba 07 a1 74 2b 63 73 97 77 c6 5e 77 22 4a 01 df ee 15 96 8b ce d8 d8 e1 80 d7 c4 fb d9 e5 71 4c f0 df 90 43 43 e2 8b a8 24 4a f5 c9 b5 fb 30 da 
44,2024-11-01 23:42:21,e8:65:5f:b6:dd:83,1c:57:dc:65:81:f2,54.203.25.147,10.192.67.245,TCP,443,50825,N/A,Other TCP Traffic,01 01 08 0a 20 69 4b 3a c3 af 0d 5c 17 03 03 00 21 00 00 00 00 00 00 00 27 81 72 90 33 74 27 53 ee 80 a9 79 91 49 ea c4 9b 6c c0 af 77 ff 87 6b 29 5d 
45,2024-11-01 23:42:21,1c:57:dc:65:81:f2,e8:65:5f:b6:dd:83,10.192.67.245,54.203.25.147,TCP,50825,443,N/A,Web Traffic (HTTP/HTTPS),01 01 08 0a c3 af 0e 0a 20 69 4b 3a 
46,2024-11-01 23:42:22,1c:57:dc:65:81:f2,e8:65:5f:b6:dd:83,10.192.67.245,142.250.179.74,TCP,50588,443,N/A,Web Traffic (HTTP/HTTPS),
47,2024-11-01 23:42:22,e8:65:5f:b6:dd:83,1c:57:dc:65:81:f2,142.250.179.74,10.192.67.245,TCP,443,50588,N/A,Other TCP Traffic,01 01 08 0a 3a 13 84 fe 13 81 49 d3 
48,2024-11-01 23:42:22,1c:57:dc:65:81:f2,e8:65:5f:b6:dd:83,10.192.67.245,52.1.246.125,TCP,50877,443,N/A,Web Traffic (HTTP/HTTPS),02 04 05 b4 01 03 03 06 01 01 08 0a 36 5c a3 69 00 00 00 00 04 02 00 00 
49,2024-11-01 23:42:22,e8:65:5f:b6:dd:83,1c:57:dc:65:81:f2,52.1.246.125,10.192.67.245,TCP,443,50877,N/A,Other TCP Traffic,02 04 05 a0 04 02 08 0a 4d 31 78 3b 36 5c a3 69 01 03 03 08 
50,2024-11-01 23:42:22,1c:57:dc:65:81:f2,e8:65:5f:b6:dd:83,10.192.67.245,52.1.246.125,TCP,50877,443,N/A,Web Traffic (HTTP/HTTPS),01 01 08 0a 36 5c a3 c7 4d 31 78 3b 
51,2024-11-01 23:42:22,1c:57:dc:65:81:f2,e8:65:5f:b6:dd:83,10.192.67.245,52.1.246.125,TCP,50877,443,N/A,Web Traffic (HTTP/HTTPS),01 01 08 0a 36 5c a3 c7 4d 31 78 3b 16 03 01 02 00 01 00 01 fc 03 03 c6 16 b8 01 47 0f e2 72 e4 a1 82 23 c6 ed 7a dc 22 c3 e4 17 77 71 13 2e d7 e0 df 05 12 af a0 25 20 a5 92 c1 6d d0 d0 6c 42 59 48 d8 71 53 b5 79 82 4f 76 58 56 87 20 26 18 04 65 7d bb cc 27 86 e6 00 24 13 01 13 02 13 03 c0 2f c0 2b c0 30 c0 2c c0 27 cc a9 cc a8 c0 09 c0 13 c0 0a c0 14 00 9c 00 9d 00 2f 00 35 01 00 01 8f 00 00 00 13 00 11 00 00 0e 61 70 69 32 2e 63 75 72 73 6f 72 2e 73 68 00 17 00 00 ff 01 00 01 00 00 0a 00 08 00 06 00 1d 00 17 00 18 00 0b 00 02 01 00 00 23 00 00 00 0d 00 14 00 12 04 03 08 04 04 01 05 03 08 05 05 01 08 06 06 01 02 01 00 33 00 26 00 24 00 1d 00 20 53 a4 42 34 4b b8 89 a2 22 16 a7 ed 33 f9 07 82 17 b5 bd c9 9e 04 a2 7c 1a 98 0c d7 08 ad 86 46 00 2d 00 02 01 01 00 2b 00 05 04 03 04 03 03 00 15 00 4b 00 00 00 00 00 00 00 00 00 00 00 00 00 00 00 00 00 00 00 00 00 00 00 00 00 00 00 00 00 00 00 00 00 00 00 00 00 00 00 00 00 00 00 00 00 00 00 00 00 00 00 00 00 00 00 00 00 00 00 00 00 00 00 00 00 00 00 00 00 00 00 00 00 00 00 00 29 00 b5 00 90 00 8a 01 17 94 d6 fd 3a d8 6a 57 b9 ff 74 30 35 c4 c2 56 02 92 dc b4 e7 40 c3 22 2b f6 58 3d e2 c8 5b c1 eb a9 20 ec a6 62 0a b9 f9 01 2f ca f4 fe e5 56 ef 70 27 51 bb 94 ed d0 f7 d3 c9 f5 fd 11 70 75 76 e2 1d e9 99 20 b7 e5 23 ff fe a9 63 1b c0 bf e8 f8 9d 02 54 01 bb 99 83 19 45 c9 9c e3 e8 88 cb 4a f9 e0 e2 6e ec ee e9 b1 49 48 f0 4a 33 a3 c7 92 a5 78 a6 3d d0 f7 37 84 d6 22 a9 a0 64 46 99 ea f7 7b 24 c5 e2 7b ea 58 b6 de 1b 00 21 20 2c ba 6c 4b 82 d8 25 e3 19 e2 ee cf d5 7d 9c 68 c2 4f 2d 8b c9 3e 50 09 09 f8 3d f0 87 da 7f 06 
52,2024-11-01 23:42:23,e8:65:5f:b6:dd:83,1c:57:dc:65:81:f2,52.1.246.125,10.192.67.245,TCP,443,50877,N/A,Other TCP Traffic,01 01 08 0a 4d 31 78 97 36 5c a3 c7 
53,2024-11-01 23:42:23,e8:65:5f:b6:dd:83,1c:57:dc:65:81:f2,52.1.246.125,10.192.67.245,TCP,443,50877,N/A,Other TCP Traffic,01 01 08 0a 4d 31 78 97 36 5c a3 c7 16 03 03 00 80 02 00 00 7c 03 03 96 68 86 dd 0c 1d 8f 3c d7 64 61 56 07 a6 d6 d3 70 ae c1 bf 9c 61 86 10 af d6 8f da f0 d3 8b 8e 20 a5 92 c1 6d d0 d0 6c 42 59 48 d8 71 53 b5 79 82 4f 76 58 56 87 20 26 18 04 65 7d bb cc 27 86 e6 13 01 00 00 34 00 2b 00 02 03 04 00 33 00 24 00 1d 00 20 a2 a8 a2 aa 06 9d 69 3f 68 f3 83 1b 37 1f 33 a5 b9 3f 0d a4 ca 85 2f 81 0a d0 55 30 39 ba f3 4b 00 29 00 02 00 00 14 03 03 00 01 01 17 03 03 00 17 c5 22 24 70 bd e3 13 1b 72 44 d2 4f 1f 02 e3 1a 83 1f dc 8f c7 10 0f 17 03 03 00 35 98 d4 ed fe 0e 5b f7 08 0f c6 36 c6 2f 51 63 e2 86 ea 84 ef 34 d9 a8 1d 71 1b 29 ca e2 bf 4c 5f 5a 22 92 ae ca c4 14 b3 10 23 6f 5b 8c 26 7d 58 8f 37 b0 5a fa 
54,2024-11-01 23:42:23,1c:57:dc:65:81:f2,e8:65:5f:b6:dd:83,10.192.67.245,52.1.246.125,TCP,50877,443,N/A,Web Traffic (HTTP/HTTPS),01 01 08 0a 36 5c a4 24 4d 31 78 97 
55,2024-11-01 23:42:23,1c:57:dc:65:81:f2,e8:65:5f:b6:dd:83,10.192.67.245,52.1.246.125,TCP,50877,443,N/A,Web Traffic (HTTP/HTTPS),01 01 08 0a 36 5c a4 24 4d 31 78 97 14 03 03 00 01 01 17 03 03 00 35 a2 01 1a a6 4d 39 2f 40 30 16 b2 8e c3 a5 52 7b 96 a0 1d 1f 45 92 04 10 81 69 3c be df 6b 13 e8 a3 e2 d9 bf af 38 69 b5 f3 1e e0 d1 00 62 d9 63 7d ed 81 c2 76 17 03 03 04 21 5a d3 6f e3 17 6c c5 db 7f 02 b8 b9 55 f1 40 be 2b a6 b0 5b c2 0b 0c 0e 61 5b 7d 73 89 25 a3 a2 98 15 9b 2f 5e cd 0d 7b d8 5b 82 59 23 3a 03 96 c1 3a 63 49 e4 c8 b9 9e 0f cf 10 43 6a 4f 37 9d f0 3a 6c e7 ef 43 7f 57 b6 be 0c 31 48 28 bc 7c 99 67 7b 3e 24 f1 10 19 7e 1f 49 fa 11 0d f2 72 3a 2f a8 fb 4d 15 83 ce 4b cd f5 cb de 5a 93 3b f8 e0 ab 17 a0 00 24 62 b4 6b 5d dd f5 5b 28 ea bf 4b ff c5 3d 22 c4 11 b1 2e ac 28 4c 64 95 ad d9 28 22 a1 2e 32 0d 2a 19 d4 6d ad fc f1 8e 83 62 82 e2 d9 4b 2c 44 98 4b 0d 0d 8b 65 3f 7b 9e ff c0 ed d7 40 72 72 ce fa 26 73 1a e5 3d d8 a9 79 0e 15 c7 fb 7a d8 bd 2d 6e 21 17 1c ad c0 98 b0 b8 b0 3c bd a9 08 b6 8b 8f c4 bd b7 11 cd 44 b2 ec 24 d7 33 af 6d dd cb e4 01 8b b3 49 0d 4b d0 3f da 4b 5d 4e e9 86 b1 fa e2 ae 35 86 86 d2 4a 8c 6e ea b2 cd ae 5e 25 c0 2d 47 3d 24 7a cc d7 a5 c7 04 4a 4d 63 57 66 30 e2 4f 76 b5 cc 02 04 94 45 c5 87 91 0e 5b 1d 3c 13 9b f3 2e d7 64 79 86 a5 10 80 66 a0 b2 1a 08 ae b9 ca 86 29 84 2e 1a 8b c5 ba b6 48 69 70 bd ca 4b ea 9a 33 db 82 5e 1a 74 0f f7 19 4b fd 48 c4 b8 3c 49 18 79 29 7b fd 12 64 75 9d 51 12 80 91 dc 45 89 2a 5d d4 a7 2d 32 60 3a cf 3d 72 9f 21 29 10 fc 0a b7 99 4b f2 fc 7b 43 d7 45 94 3e 58 6b 94 eb 0f 79 7c 84 c3 be 85 ab c0 45 0e 8a 5c a1 dc 59 cd 5a e0 b9 7c 96 4b e8 99 f7 59 f0 7a 4d f6 d8 fb 6e d0 66 53 56 2c 9f 6f 2c f1 83 0e 8f 77 e8 66 78 86 6b 00 ab 4a f3 91 79 8f fc 03 8d b3 67 70 b8 d9 e0 56 42 65 43 4b 22 57 19 d1 ee ae 52 12 58 5f 8f 60 49 52 a0 c1 0b 69 17 f6 94 23 31 04 20 f9 5a cd 9b 97 8d a5 67 2d 98 e5 e3 f3 7d 2c 72 c9 b5 81 5c 70 48 d9 ef a0 a9 c2 47 27 26 9d de 66 64 67 96 da 2d a8 88 32 35 a8 e4 fa 27 0a 3b 57 cd bd c7 0c 81 ac c1 f7 1d 66 ec e2 3c 13 c6 66 1f 07 b9 70 08 66 9c f4 1d af 21 1f ca 0c ea f3 5a 7c 80 97 41 79 ae a8 29 49 a0 fc 99 0a 09 d0 78 fa 49 13 c2 c3 06 71 7a 1d 81 6b 07 b2 27 88 cb e3 df 1f 93 ec 04 10 9c d5 6c 52 a2 e0 40 0d a0 f3 e3 4f b9 01 a4 fa a4 1d 81 71 56 7d a4 0f 6c a8 cd dd d7 eb 2f 91 08 7d 57 31 87 3b 8e d3 0d 8d 26 6a 10 4d 42 90 28 3d 9c 91 6e 84 d4 86 5d f0 1f de 76 2e 2b 0c 14 1f 5e 29 ae ca 53 44 fd 8f 00 59 83 a4 c5 07 92 65 70 8b 36 98 30 95 53 cd 03 3a fa 5e 82 37 b8 24 2a b1 eb a9 f0 3b c1 51 eb 89 56 c7 0d c8 f4 71 cd ca 3a d2 d3 27 54 cf 49 1b bb 7f 75 cd 36 45 84 1c d0 59 31 dd 18 3f a2 51 d1 f9 f0 39 16 d0 fd 9d 7e 6b 6f c4 c9 cd b9 a1 62 e7 38 f3 96 94 8a 16 dc ee 9b 3c 48 c5 2d 7a b5 fd 25 7c a9 26 32 af 81 f5 96 c9 3b 87 f5 0f 0f 0c a1 db ca 9b 0a 68 24 51 46 63 5e 7e 12 f0 54 4d 76 77 8d 99 90 83 dc 60 8f 7c 4e be 0b 20 06 73 07 89 f3 21 7e 3b 1f ab 9a 29 d0 18 98 66 6e 79 c2 f5 d4 fc ff 8b b1 ec e8 b1 d0 fe 19 1f 9b e6 73 96 c1 18 5d 09 22 c7 14 06 cf 71 72 a4 e4 3b a5 55 00 00 4f 59 25 67 0a 1a 02 00 42 00 00 00 42 00 00 00 12 00 1c 57 dc 65 81 f2 e8 65 5f b6 dd 83 08 00 45 00 00 34 d8 3b 40 00 f4 06 35 54 34 01 f6 7d 0a c0 43 f5 01 bb c6 bd 49 99 dd 62 d8 84 5f ac 80 10 00 76 34 c7 00 00 01 01 08 0a 4d 31 78 f4 36 5c a4 24 4f 59 25 67 0c 1a 02 00 f5 00 00 00 f5 00 00 00 12 00 1c 57 dc 65 81 f2 e8 65 5f b6 dd 83 08 00 45 00 00 e7 d8 3c 40 00 f4 06 34 a0 34 01 f6 7d 0a c0 43 f5 01 bb c6 bd 49 99 dd 62 d8 84 5f ac 80 18 00 76 40 23 00 00 01 01 08 0a 4d 31 78 f4 36 5c 
56,2024-11-01 23:42:23,e8:65:5f:b6:dd:83,1c:57:dc:65:81:f2,52.1.246.125,10.192.67.245,TCP,443,50877,N/A,Other TCP Traffic,01 01 08 0a 4d 31 78 f4 36 5c a4 24 
57,2024-11-01 23:42:23,e8:65:5f:b6:dd:83,1c:57:dc:65:81:f2,52.1.246.125,10.192.67.245,TCP,443,50877,N/A,Other TCP Traffic,01 01 08 0a 4d 31 78 f4 36 5c a4 24 17 03 03 00 ae c2 08 a0 c5 8b 70 49 76 fc 1e 5d c8 a1 3d e0 30 45 e5 f0 2f f6 bb 48 22 f7 6b 87 ae 40 fd 31 f7 c7 1b d2 99 45 b6 0f 44 f2 f5 8a 05 37 06 c9 e1 8a 2a 26 04 52 75 fe 7f 2f 16 37 a8 ad 91 e4 df dc 07 d9 26 5f eb 12 e8 df f3 c4 dd 10 cd d1 e7 ec df 0c a1 6d f2 4a 24 38 0d 70 39 f0 dd e8 06 57 c2 50 e9 02 bd d3 30 06 2c b5 70 42 ab e7 a9 8d 15 cd 36 42 95 9e ef cb e9 9c 9d 70 0c b9 89 5e ee ef 04 72 52 a0 40 7f 7d f8 15 24 0d 3c 7b 2a 74 d0 3a 19 97 9b 64 fd 06 b0 7c 4a fb 34 a9 ae 00 a8 de 48 f7 e7 c1 15 85 d7 0c 65 d1 
58,2024-11-01 23:42:23,1c:57:dc:65:81:f2,e8:65:5f:b6:dd:83,10.192.67.245,52.1.246.125,TCP,50877,443,N/A,Web Traffic (HTTP/HTTPS),01 01 08 0a 36 5c a4 80 4d 31 78 f4 17 03 03 00 16 a3 d9 1c 9c e5 52 26 44 4d 24 53 49 b1 eb 60 2c cf de 72 7a bd a2 
59,2024-11-01 23:42:23,e8:65:5f:b6:dd:83,1c:57:dc:65:81:f2,52.1.246.125,10.192.67.245,TCP,443,50877,N/A,Other TCP Traffic,01 01 08 0a 4d 31 79 67 36 5c a4 80 17 03 03 01 69 6f 53 d1 5f 98 ef 9e 91 d4 d9 98 16 d9 5d f5 82 3c d2 54 93 09 80 1c fd 79 34 6f e7 84 db a8 15 7d 89 56 7e 85 c7 9a d8 2f c4 8e ab 6c 99 0a 65 df 5c 3b 4b 62 7d 4d 29 2a 47 e9 79 71 29 9e 7a e0 33 b8 bd 6e a4 aa bf 3b c4 42 24 75 06 14 e4 6e 7e 3b e0 16 06 5c b3 8d 14 94 ec 43 c2 db 55 57 72 c0 1e 67 0b f5 62 95 23 2a c9 d3 98 07 79 4e 81 a3 de f8 f1 13 b5 7b f7 0a d3 4d 95 d8 8f bb 9b 90 8f 29 26 4a 92 56 bc e3 7b 02 2f cb 2e 33 cb 09 d1 b6 3d 15 89 da c4 97 43 96 51 1d bf 01 61 5e 0a 5c 70 0f f4 09 4c 2a b5 1d 4a 65 79 51 2b 8c 0b 2e d6 b5 8b ad 3b 3a 21 1c f4 c4 4f 7a b8 ab ef 8c 86 9d e2 90 b2 c3 11 89 df cf bf 1f 18 81 63 a6 e9 98 61 a6 67 c2 d6 fa 3e a2 12 64 21 e3 40 39 2f 48 ce fa 23 4e 33 79 37 a4 8f 45 c8 84 26 81 99 28 54 be 03 5f 5c be 53 10 2a d9 b6 a2 bd 03 95 16 aa 1e 21 67 94 1b f4 3d c1 65 ba 70 96 17 5e c4 0d da cc bf d8 f7 4e a6 cd bf 06 50 32 36 50 dc ca 8c 31 af a0 d6 79 c7 5b 31 c8 9f fd 62 c1 73 bf 7d 59 a7 f2 b6 fc 68 38 5e 84 1a 9a f0 3e 41 01 8a 79 fc 07 83 96 40 0c c8 82 9a 54 de e9 8a c7 0a b9 58 cf 29 64 29 90 86 d2 0a 61 2e 90 16 01 62 
60,2024-11-01 23:42:23,1c:57:dc:65:81:f2,e8:65:5f:b6:dd:83,10.192.67.245,52.1.246.125,TCP,50877,443,N/A,Web Traffic (HTTP/HTTPS),01 01 08 0a 36 5c a4 f3 4d 31 79 67 
61,2024-11-01 23:42:23,1c:57:dc:65:81:f2,e8:65:5f:b6:dd:83,10.192.67.245,10.192.67.1,UDP,37460,53,N/A,DNS Query,28 3f 01 00 00 01 00 00 00 00 00 00 04 61 70 69 32 06 63 75 72 73 6f 72 02 73 68 00 00 01 00 01 
62,2024-11-01 23:42:23,1c:57:dc:65:81:f2,e8:65:5f:b6:dd:83,10.192.67.245,10.192.67.1,UDP,15684,53,N/A,DNS Query,59 1f 01 00 00 01 00 00 00 00 00 00 04 61 70 69 32 06 63 75 72 73 6f 72 02 73 68 00 00 41 00 01 
63,2024-11-01 23:42:23,1c:57:dc:65:81:f2,e8:65:5f:b6:dd:83,10.192.67.245,52.1.246.125,TCP,50430,443,N/A,Web Traffic (HTTP/HTTPS),01 01 08 0a 6a d1 37 6a 4d 31 3f 93 17 03 03 00 44 ce b3 25 eb e4 d9 80 24 3c 1c aa 2a 19 6d df cb ce a1 24 7e 26 c4 84 35 40 c8 5a 63 39 c9 e0 86 cf 64 9f 1e fd b2 1e 50 34 9d 65 7e dc 9d 94 18 25 7a 4a c0 6b 75 7b a0 c9 7b fc 0b 43 ee 97 2f 79 2e 3c ea 
64,2024-11-01 23:42:23,1c:57:dc:65:81:f2,e8:65:5f:b6:dd:83,10.192.67.245,52.1.246.125,TCP,50430,443,N/A,Web Traffic (HTTP/HTTPS),01 01 08 0a 6a d1 37 6a 4d 31 3f 93 17 03 03 00 22 c5 aa 29 e9 11 d4 88 61 c5 7b 6c 8e 60 21 08 da 7a bc 64 27 94 b6 95 07 38 36 3c 18 b4 ae 31 1c 23 00 
65,2024-11-01 23:42:23,e8:65:5f:b6:dd:83,1c:57:dc:65:81:f2,10.192.67.1,10.192.67.245,UDP,53,37460,N/A,Other UDP Traffic,28 3f 81 80 00 01 00 08 00 00 00 00 04 61 70 69 32 06 63 75 72 73 6f 72 02 73 68 00 00 01 00 01 c0 0c 00 01 00 01 00 00 00 3b 00 04 34 01 f6 7d c0 0c 00 01 00 01 00 00 00 3b 00 04 12 d3 95 ce c0 0c 00 01 00 01 00 00 00 3b 00 04 22 c0 0a 93 c0 0c 00 01 00 01 00 00 00 3b 00 04 22 ca 42 17 c0 0c 00 01 00 01 00 00 00 3b 00 04 23 ac ff 12 c0 0c 00 01 00 01 00 00 00 3b 00 04 34 cb d4 76 c0 0c 00 01 00 01 00 00 00 3b 00 04 34 47 7b b6 c0 0c 00 01 00 01 00 00 00 3b 00 04 22 ee 90 2d 
66,2024-11-01 23:42:23,e8:65:5f:b6:dd:83,1c:57:dc:65:81:f2,10.192.67.1,10.192.67.245,UDP,53,15684,N/A,Other UDP Traffic,59 1f 81 80 00 01 00 00 00 01 00 00 04 61 70 69 32 06 63 75 72 73 6f 72 02 73 68 00 00 41 00 01 06 63 75 72 73 6f 72 02 73 68 00 00 06 00 01 00 00 00 00 00 49 07 6e 73 2d 31 31 34 33 09 61 77 73 64 6e 73 2d 31 34 03 6f 72 67 00 11 61 77 73 64 6e 73 2d 68 6f 73 74 6d 61 73 74 65 72 06 61 6d 61 7a 6f 6e 03 63 6f 6d 00 00 00 00 01 00 00 1c 20 00 00 03 84 00 12 75 00 00 01 51 80 
67,2024-11-01 23:42:23,e8:65:5f:b6:dd:83,1c:57:dc:65:81:f2,52.1.246.125,10.192.67.245,TCP,443,50430,N/A,Other TCP Traffic,01 01 08 0a 4d 31 79 ca 6a d1 37 6a 
68,2024-11-01 23:42:23,e8:65:5f:b6:dd:83,1c:57:dc:65:81:f2,52.1.246.125,10.192.67.245,TCP,443,50430,N/A,Other TCP Traffic,01 01 08 0a 4d 31 79 ca 6a d1 37 6a 
69,2024-11-01 23:42:23,e8:65:5f:b6:dd:83,1c:57:dc:65:81:f2,52.1.246.125,10.192.67.245,TCP,443,50430,N/A,Other TCP Traffic,01 01 08 0a 4d 31 79 ca 6a d1 37 6a 17 03 03 00 22 88 80 f3 31 7f 8f 10 23 0b 1b b2 d2 c0 c0 ee 74 67 e1 da 53 d1 3e 7d 68 71 b0 26 2a 67 87 8e 5d 40 d0 
70,2024-11-01 23:42:23,1c:57:dc:65:81:f2,e8:65:5f:b6:dd:83,10.192.67.245,52.1.246.125,TCP,50430,443,N/A,Web Traffic (HTTP/HTTPS),01 01 08 0a 6a d1 37 c5 4d 31 79 ca 
